year,per capita income (US$),,area
1970,3399.299037,,100000
1971,3768.297935,,100500
1972,4251.175484,,101000
1973,4804.463248,,101500
1974,5576.514583,,102000
1975,5998.144346,,102500
1976,7062.131392,,103000
1977,7100.12617,,103500
1978,7247.967035,,104000
1979,7602.912681,,104500
1980,8355.96812,,105000
1981,9434.390652,,105500
1982,9619.438377,,106000
1983,10416.53659,,106500
1984,10790.32872,,107000
1985,11018.95585,,107500
